{"offline_id": "441e2315e0e84d569985895150e65f38", "project_name": "yolov5", "start_time": 1733769845253, "stop_time": 1733769864189, "tags": [], "workspace": null, "resume_strategy": "create", "customer_error_reported": true, "customer_error_message": "Unexpected error detected in the user script: OutOfMemoryError('CUDA out of memory. Tried to allocate 64.00 MiB (GPU 0; 23.46 GiB total capacity; 1.96 GiB already allocated; 41.50 MiB free; 2.01 GiB reserved in total by PyTorch) If reserved memory is >> allocated memory try setting max_split_size_mb to avoid fragmentation.  See documentation for Memory Management and PYTORCH_CUDA_ALLOC_CONF')", "user_provided_experiment_key": false, "comet_start_sourced": false}