{"offline_id": "d6e2522e954440218c16f7250600f62a", "project_name": "yolov5", "start_time": 1733769989758, "stop_time": 1733770007346, "tags": [], "workspace": null, "resume_strategy": "create", "customer_error_reported": true, "customer_error_message": "Unexpected error detected in the user script: OutOfMemoryError('CUDA out of memory. Tried to allocate 64.00 MiB (GPU 0; 23.46 GiB total capacity; 1.90 GiB already allocated; 65.50 MiB free; 1.95 GiB reserved in total by PyTorch) If reserved memory is >> allocated memory try setting max_split_size_mb to avoid fragmentation.  See documentation for Memory Management and PYTORCH_CUDA_ALLOC_CONF')", "user_provided_experiment_key": false, "comet_start_sourced": false}